順番	公開本文行	区分	代替テキスト	画像パス
01	135	第0章 全体ロードマップと実践前の注意	第0章 全体ロードマップと実践前の注意	BUYMA章頭挿絵/第0章_全体ロードマップと実践前の注意.png
02	137	第0章 全体ロードマップと実践前の注意	0から運営者になるまで	BUYMA本文挿絵/A00_第0章_0から運営者になるまで.png
03	260	第0章 全体ロードマップと実践前の注意	START UP	BUYMA本文挿絵/B01_区切り_START_UP.png
04	264	第1章 BUYMA START UP	第1章 BUYMA START UP	BUYMA章頭挿絵/第1章_BUYMA_START_UP.png
05	266	第1章 BUYMA START UP	初出品までの5ステップ	BUYMA本文挿絵/A01_第1章_初出品までの5ステップ.png
06	568	第1章 BUYMA START UP	仕入れを構築する	BUYMA本文挿絵/B02_区切り_仕入れを構築する.png
07	572	第2章 BUYMA国内買付完全解説マニュアル	第2章 BUYMA国内買付完全解説マニュアル	BUYMA章頭挿絵/第2章_BUYMA国内買付完全解説マニュアル.png
08	574	第2章 BUYMA国内買付完全解説マニュアル	国内買付の基本フロー	BUYMA本文挿絵/A02_第2章_国内買付の基本フロー.png
09	626	第2章 BUYMA国内買付完全解説マニュアル	国内ショップを選ぶ判断基準	BUYMA本文挿絵/D02_第2章_国内ショップを選ぶ判断基準.png
10	870	第3章 海外買付完全解説マニュアル	第3章 海外買付完全解説マニュアル	BUYMA章頭挿絵/第3章_海外買付完全解説マニュアル.png
11	872	第3章 海外買付完全解説マニュアル	海外買付の基本フロー	BUYMA本文挿絵/A03_第3章_海外買付の基本フロー.png
12	933	第3章 海外買付完全解説マニュアル	仕入れ総額の考え方	BUYMA本文挿絵/D03_第3章_仕入れ総額の考え方.png
13	1384	第4章 直営店連携仕入れ完全解説マニュアル	第4章 直営店連携仕入れ完全解説マニュアル	BUYMA章頭挿絵/第4章_直営店連携仕入れ完全解説マニュアル.png
14	1386	第4章 直営店連携仕入れ完全解説マニュアル	直営店連携仕入れの確認経路	BUYMA本文挿絵/A04_第4章_直営店連携仕入れの確認経路.png
15	1388	第4章 直営店連携仕入れ完全解説マニュアル	直営店への問い合わせ前チェック	BUYMA本文挿絵/D04_第4章_直営店への問い合わせ前チェック.png
16	1868	第5章 BUYMA オンラインVIP仕入れ完全解説マニュアル	第5章 BUYMA オンラインVIP仕入れ完全解説マニュアル	BUYMA章頭挿絵/第5章_BUYMAオンラインVIP仕入れ完全解説マニュアル.png
17	2244	第6章 BUYMAショップリスト	第6章 BUYMAショップリスト	BUYMA章頭挿絵/第6章_BUYMAショップリスト.png
18	2246	第6章 BUYMAショップリスト	ショップリストの使い方	BUYMA本文挿絵/A06_第6章_ショップリストの使い方.png
19	2493	第7章 高値売りの戦略	第7章 高値売りの戦略	BUYMA章頭挿絵/第7章_高値売りの戦略.png
20	2758	第8章 出品外注化・採用・教育マニュアル	第8章 出品外注化・採用・教育マニュアル	BUYMA章頭挿絵/第8章_出品外注化・採用・教育マニュアル.png
21	3164	第9章 出品外注化 実践資料集	第9章 出品外注化 実践資料集	BUYMA章頭挿絵/第9章_出品外注化_実践資料集.png
22	4699	第10章 フル外注化と運営設計	第10章 フル外注化と運営設計	BUYMA章頭挿絵/第10章_フル外注化と運営設計.png
23	4778	第10章 フル外注化と運営設計	外注化ツールの使い分け	BUYMA本文挿絵/A10_第10章_外注化ツールの使い分け.png
24	4958	第11章 BUYMA運営へのAI活用	第11章 BUYMA運営へのAI活用	BUYMA章頭挿絵/第11章_BUYMA運営へのAI活用.png
25	4983	第11章 BUYMA運営へのAI活用	AIに補助させる部分と人が確認する部分	BUYMA本文挿絵/D11_第11章_AIと人の役割分担.png
26	5138	第12章 BUYMA実践プロンプト集	第12章 BUYMA実践プロンプト集	BUYMA章頭挿絵/第12章_BUYMA実践プロンプト集.png
27	5144	第12章 BUYMA実践プロンプト集	弱いプロンプトと改善後のプロンプト	BUYMA本文挿絵/D12_第12章_弱いプロンプトと改善後.png
28	5556	特典1 海外買付パートナー実務キット	特典1 海外買付パートナー実務キット	BUYMA本文挿絵/C01_特典1_海外買付パートナー実務キット.png
29	5764	特典2 国内買付パートナー実務キット	特典2 国内買付パートナー実務キット	BUYMA本文挿絵/C02_特典2_国内買付パートナー実務キット.png
30	5915	特典3 直営店・VIP開拓キット	特典3 直営店・VIP開拓キット	BUYMA本文挿絵/C03_特典3_直営店・VIP開拓キット.png
31	6056	特典4 出品外注化スターターキット	特典4 出品外注化スターターキット	BUYMA本文挿絵/C04_特典4_出品外注化スターターキット.png
32	6292	特典5 問い合わせ・運営テンプレート集	特典5 問い合わせ・運営テンプレート集	BUYMA本文挿絵/C05_特典5_問い合わせ・運営テンプレート集.png
